<?xml version="1.0" encoding="UTF-8"?>
<project xmlns="http://maven.apache.org/POM/4.0.0" xsi:schemaLocation="http://maven.apache.org/POM/4.0.0 http://maven.apache.org/xsd/maven-4.0.0.xsd" xmlns:xsi="http://www.w3.org/2001/XMLSchema-instance">
  <modelVersion>4.0.0</modelVersion>
  <groupId>com.tuxera</groupId>
  <artifactId>allconnect</artifactId>
  <version>1.0-SNAPSHOT</version>
  <packaging>aar</packaging>
  <dependencies>
    <dependency>
      <groupId>com.android.support</groupId>
      <artifactId>appcompat-v7</artifactId>
      <version>23.2.1</version>
    </dependency>
    <dependency>
      <groupId>com.android.support</groupId>
      <artifactId>mediarouter-v7</artifactId>
      <version>23.2.1</version>
    </dependency>
    <dependency>
      <groupId>com.google.android.gms</groupId>
      <artifactId>play-services-cast</artifactId>
      <version>9.2.0</version>
    </dependency>
    <dependency>
      <groupId>org.fourthline.cling</groupId>
      <artifactId>cling-support</artifactId>
      <version>2.1.1</version>
      <exclusions>
        <exclusion>
          <groupId>org.fourthline.cling</groupId>
          <artifactId>cling-core</artifactId>
        </exclusion>
      </exclusions>
    </dependency>
    <dependency>
      <groupId>org.seamless</groupId>
      <artifactId>seamless-http</artifactId>
      <version>1.0.0</version>
    </dependency>
    <dependency>
      <groupId>org.seamless</groupId>
      <artifactId>seamless-xml</artifactId>
      <version>1.0.0</version>
    </dependency>
    <dependency>
      <groupId>org.seamless</groupId>
      <artifactId>seamless-util</artifactId>
      <version>1.0.0</version>
    </dependency>
    <dependency>
      <groupId>org.eclipse.jetty</groupId>
      <artifactId>jetty-server</artifactId>
      <version>8.1.8.v20121106</version>
    </dependency>
    <dependency>
      <groupId>org.eclipse.jetty</groupId>
      <artifactId>jetty-servlet</artifactId>
      <version>8.1.8.v20121106</version>
    </dependency>
    <dependency>
      <groupId>org.eclipse.jetty</groupId>
      <artifactId>jetty-client</artifactId>
      <version>8.1.8.v20121106</version>
    </dependency>
    <dependency>
      <groupId>org.apache.commons</groupId>
      <artifactId>commons-lang3</artifactId>
      <version>3.0</version>
    </dependency>
    <dependency>
      <groupId>com.googlecode.plist</groupId>
      <artifactId>dd-plist</artifactId>
      <version>1.8</version>
    </dependency>
    <dependency>
      <groupId>org.java-websocket</groupId>
      <artifactId>Java-WebSocket</artifactId>
      <version>1.3.0</version>
    </dependency>
    <dependency>
      <groupId>com.google.code.gson</groupId>
      <artifactId>gson</artifactId>
      <version>2.2.4</version>
    </dependency>
    <dependency>
      <groupId>com.jakewharton.timber</groupId>
      <artifactId>timber</artifactId>
      <version>3.0.2</version>
    </dependency>
    <dependency>
      <groupId>com.squareup.okhttp</groupId>
      <artifactId>okhttp</artifactId>
      <version>2.5.0</version>
    </dependency>
    <dependency>
      <groupId>com.squareup.retrofit</groupId>
      <artifactId>retrofit</artifactId>
      <version>1.9.0</version>
    </dependency>
    <dependency>
      <groupId>io.reactivex</groupId>
      <artifactId>rxjava</artifactId>
      <version>1.0.13</version>
    </dependency>
    <dependency>
      <groupId>io.reactivex</groupId>
      <artifactId>rxandroid</artifactId>
      <version>1.0.1</version>
    </dependency>
  </dependencies>
</project>
